{

    "metadata" :
    {
        "formatVersion" : 3.1,
        "sourceFile"    : "city-market-foundation.obj",
        "generatedBy"   : "OBJConverter",
        "vertices"      : 148,
        "faces"         : 116,
        "normals"       : 35,
        "colors"        : 0,
        "uvs"           : 274,
        "materials"     : 1
    },

    "scale" : 1.000000,

    "materials": [	{
	"DbgColor" : 15658734,
	"DbgIndex" : 0,
	"DbgName" : "Foundations",
	"colorDiffuse" : [1.0, 1.0, 1.0],
	"illumination" : 7,
	"mapDiffuse" : "/tex/FoundationsSurface_Color.jpg",
	"specularCoef" : 1.0
	}],

    "vertices": [-5.534903,0.780383,-6.481119,-4.236518,1.098622,-6.481119,-2.938129,1.492589,-6.481119,-2.938129,1.492589,6.334123,-4.236518,1.098622,6.334121,-5.534903,0.780383,6.334121,-5.582356,0.890773,-6.481119,-4.283970,1.209011,-6.481119,-2.985582,1.602979,-6.481119,-2.985582,1.602979,6.334123,-4.283970,1.209011,6.334121,-5.582356,0.890773,6.334121,-1.639745,1.895125,-2.209371,-1.639745,1.895125,2.062374,-2.938129,1.492589,-2.209371,-2.938129,1.492589,2.062374,-4.236518,1.098622,-2.209371,-4.236518,1.098622,2.062374,-5.534903,0.780383,-2.209371,-5.534903,0.780383,2.062374,-6.833289,0.483224,-2.209371,-6.833289,0.483224,2.062374,-1.687197,2.005514,-2.209371,-1.687197,2.005514,2.062374,-2.985582,1.602979,-2.209371,-2.985582,1.602979,2.062374,-4.283970,1.209011,-2.209371,-4.283970,1.209011,2.062374,-5.582356,0.890773,-2.209371,-5.582356,0.890773,2.062374,-6.880741,0.593614,-2.209371,-6.880741,0.593614,2.062374,-1.639745,1.895125,-5.109644,-2.938129,1.492589,-5.109644,-4.236518,1.098622,-5.109644,-5.534903,0.780383,-5.109644,-6.833289,0.483224,-5.109644,-1.687197,2.005514,-5.109644,-2.985582,1.602979,-5.109644,-4.283970,1.209011,-5.109644,-5.582356,0.890773,-5.109644,-6.880741,0.593614,-5.109644,-1.639745,1.895125,-0.881938,-2.938129,1.492589,-0.881938,-4.236518,1.098622,-0.881938,-5.534903,0.780383,-0.881938,-6.833289,0.483224,-0.881938,-1.687197,2.005514,-0.881938,-2.985582,1.602979,-0.881938,-4.283970,1.209011,-0.881938,-5.582356,0.890773,-0.881938,-6.880741,0.593614,-0.881938,-0.453811,2.291496,-0.881938,-0.501264,2.401886,-0.881938,-1.639745,1.895125,0.733479,-2.938129,1.492589,0.733479,-4.236518,1.098622,0.733479,-5.534903,0.780383,0.733479,-6.833289,0.483224,0.733479,-1.687197,2.005514,0.733479,-2.985582,1.602979,0.733479,-4.283970,1.209011,0.733479,-5.582356,0.890773,0.733479,-6.880741,0.593614,0.733479,-0.453811,2.291496,0.733479,-0.501264,2.401886,0.733479,-1.639745,1.895125,5.019761,-2.938129,1.492589,5.019761,-4.236518,1.098622,5.019757,-5.534903,0.780383,5.019757,-6.833289,0.483224,5.019757,-1.687197,2.005514,5.019761,-2.985582,1.602979,5.019761,-4.283970,1.209011,5.019757,-5.582356,0.890773,5.019757,-6.880741,0.593614,5.019757,-6.833289,0.483224,-6.055509,-6.659350,0.523033,-6.481119,-6.824776,0.485173,-6.187027,-6.800071,0.490827,-6.305673,-6.761590,0.499634,-6.399832,-6.713101,0.510731,-6.460283,-6.706803,0.633422,-6.481119,-6.880741,0.593614,-6.055509,-6.760553,0.621121,-6.460283,-6.809043,0.610023,-6.399832,-6.847524,0.601216,-6.305673,-6.872228,0.595562,-6.187027,-1.827274,1.836985,-6.481119,-1.639745,1.895125,-6.007678,-1.769325,1.854951,-6.457943,-1.717047,1.871159,-6.390702,-1.675559,1.884021,-6.285957,-1.648921,1.892280,-6.153981,-1.687197,2.005514,-6.007678,-1.874727,1.947375,-6.481119,-1.696374,2.002669,-6.153981,-1.723011,1.994411,-6.285957,-1.764499,1.981548,-6.390702,-1.816778,1.965341,-6.457943,-0.625751,2.234030,-2.209371,-0.453811,2.291496,-1.771307,-0.572618,2.251788,-2.187928,-0.524686,2.267808,-2.125710,-0.486648,2.280521,-2.028795,-0.462226,2.288684,-1.906677,-0.501264,2.401886,-1.771307,-0.673203,2.344419,-2.209371,-0.509679,2.399073,-1.906677,-0.534101,2.390911,-2.028795,-0.572138,2.378197,-2.125710,-0.620070,2.362177,-2.187928,-0.453811,2.291496,1.600811,-0.634973,2.230947,2.062374,-0.462677,2.288533,1.743444,-0.488410,2.279932,1.872112,-0.528490,2.266537,1.974224,-0.578992,2.249657,2.039785,-0.682425,2.341336,2.062374,-0.501264,2.401886,1.600811,-0.626444,2.360047,2.039785,-0.575942,2.376926,1.974224,-0.535861,2.390322,1.872112,-0.510129,2.398922,1.743444,-1.639745,1.895125,5.870418,-1.823418,1.838181,6.334123,-1.648733,1.892338,6.013714,-1.674822,1.884249,6.142977,-1.715457,1.871652,6.245565,-1.766660,1.855778,6.311429,-1.870871,1.948571,6.334123,-1.687197,2.005514,5.870418,-1.814113,1.966167,6.311429,-1.762909,1.982041,6.245565,-1.722274,1.994639,6.142977,-1.696186,2.002727,6.013714,-6.603554,0.535803,6.334121,-6.833289,0.483224,5.771979,-6.674548,0.519555,6.306609,-6.738589,0.504898,6.226760,-6.789415,0.493266,6.102398,-6.822047,0.485798,5.945692,-6.880741,0.593614,5.771979,-6.651006,0.646193,6.334121,-6.869499,0.596187,5.945692,-6.836867,0.603655,6.102398,-6.786041,0.615287,6.226760,-6.722000,0.629945,6.306609],

    "morphTargets": [],

    "morphColors": [],

    "normals": [0,0,1,0.23807,-0.97125,0,0.29039,-0.95691,0,-0.23807,0.97125,0,-0.29039,0.95691,0,0.91872,0.39491,0,-0.91872,-0.39491,0,0,0,-1,-0.2961,0.95516,0,-0.2231,0.9748,0,0.2961,-0.95516,0,0.2231,-0.9748,0,0.31701,-0.94842,0,-0.31701,0.94842,0,-0.91677,-0.39407,-0.065189,-0.89909,-0.38648,-0.2056,-0.84934,-0.36511,-0.3812,-0.71408,-0.30698,-0.62917,-0.32947,-0.1416,-0.93349,0.91677,0.39407,-0.065189,0.89907,0.38647,-0.20569,0.84934,0.36511,-0.3812,0.71408,0.30698,-0.62917,0.32938,0.1416,-0.93352,0.89909,0.38648,-0.2056,0.91677,0.39407,0.065189,0.89909,0.38648,0.2056,0.8493,0.3651,0.38129,0.71412,0.30701,0.62911,0.32938,0.1416,0.93352,-0.32938,-0.1416,0.93352,-0.71412,-0.30701,0.62911,-0.8493,-0.3651,0.38129,-0.89909,-0.38648,0.2056,-0.91677,-0.39407,0.065189],

    "colors": [],